Workbook

Sheet Sales_Data
A1: OrderID | B1: OrderDate | C1: Region | D1: Salesperson | E1: Product | F1: Category | G1: Units | H1: UnitPrice
A2: 1023 | B2: 2025-01-24 | C2: North | D2: RAVI KUMAR | E2: Office Chair | F2: Furniture | G2: 11 | H2: 6500
A3: 1134 | B3: 2025-03-29 | C3: North | D3: Ananya Rao | E3: Bookshelf | F3: Furniture | G3: 2 | H3: 4200
A4: 1115 | B4: 2025-03-18 | C4: West | D4: Rohan Shah | E4: Notebook Set | F4: Stationery | G4: 12 | H4: 350
A5: 1077 | B5: 2025-06-08 | C5: South | D5: Divya Sharma | E5: Office Chair | F5: Furniture | G5: 3 | H5: 6500
A6: 1009 | B6: 2025-06-04 | C6: East | D6: Sneha Das | E6: Bookshelf | F6: Furniture | G6: 9 | H6: 4200
A7: 1118 | B7: 2025-06-21 | C7: West | D7: Priya Mehta | E7: Bookshelf | F7: furniture | G7: 3 | H7: 4200
A8: 1149 | B8: 2025-01-31 | C8: South | D8: Karthik Iyer | E8: Wireless Mouse | F8: Electronics | G8: 12 | H8: 799
A9: 1158 | B9: 2025-05-28 | C9: North | D9: Ravi Kumar | E9: Office Chair | F9: Furniture | G9: 10 | H9: 6500
A10: 1111 | B10: 2025-04-09 | C10: South | D10: DIVYA SHARMA | E10: Wireless Mouse | F10: Electronics | G10: 7 | H10: 799
A11: 1151 | B11: 2025-05-04 | C11: East | D11: Amit Ghosh | E11: Wireless Mouse | F11: Electronics | G11: 4 | H11: 799
A12: 1091 | B12: 2025-03-18 | C12: East | D12: Amit Ghosh | E12: Gel Pen Pack | F12: Stationery | G12: 7 | H12: 120
A13: 1033 | B13: 2025-05-17 | C13: South | D13: Divya Sharma | E13: Bookshelf | F13: Furniture | G13: 9 | H13: 4200
... A25: 1165 | B25: 2025-04-26 | C25: West | D25: Rohan Shah | E25: Laptop Pro 14 | F25: Electronics | G25: 4 | H25: 68000
A26: 1047 | B26: 2025-03-13 | C26: West | D26: Priya Mehta | E26: Wireless Mouse | F26: Electronics | H26: 799
A27: 1012 | B27: 2025-06-19 | C27: South | D27: KARTHIK IYER | E27: Wireless Mouse | F27: Electronics | G27: 4 | H27: 799
A28: 1067 | B28: 2025-01-28 | C28: South | D28: KARTHIK IYER | E28: A4 Paper Ream | F28: Stationery | G28: 10 | H28: 250
A29: 1094 | B29: 2025-03-19 | C29: West | D29: Priya Mehta | E29: A4 Paper Ream | F29: Stationery | G29: 5 | H29: 250
A30: 1066 | B30: 2025-06-19 | C30: North | D30: Ravi Kumar | E30: A4 Paper Ream | F30: stationery | G30: 2 | H30: 250
A31: 1079 | B31: 2025-06-21 | C31: South | D31: Karthik Iyer | E31: Office Chair | F31: furniture | G31: 12 | H31: 6500
A32: 1048 | B32: 2025-05-21 | C32: North | D32: Ravi Kumar | E32: Notebook Set | F32: Stationery | G32: 1 | H32: 350
A33: 1126 | B33: 2025-02-21 | C33: North | D33: Ravi Kumar | E33: Standing Desk | F33: Furniture | G33: 3 | H33: 15500
A34: 1073 | B34: 2025-02-08 | C34: North | D34: Ananya Rao | E34: Bluetooth Speaker | F34: Electronics | G34: 9 | H34: 2999
A35: 1011 | B35: 2025-06-10 | C35: East | D35: Sneha Das | E35: Wireless Mouse | F35: Electronics | G35: 1 | H35: 799
A36: 1029 | B36: 2025-05-10 | C36: South | D36: Divya Sharma | E36: Gel Pen Pack | F36: Stationery | G36: 3 | H36: 120
A37: 1116 | B37: 2025-05-20 | C37: South | D37: Karthik Iyer | E37: Standing Desk | F37: Furniture | H37: 15500
A38: 1007 | B38: 2025-03-13 | C38: South | D38: Divya Sharma | E38: Gel Pen Pack | F38: Stationery | G38: 2 | H38: 120
A39: 1028 | B39: 2025-03-09 | C39: South | D39: Divya Sharma | E39: A4 Paper Ream | F39: Stationery | G39: 11 | H39: 250
A40: 1072 | B40: 2025-04-20 | C40: North | D40: Ravi Kumar | E40: Wireless Mouse | F40: Electronics | G40: 12 | H40: 799
A41: 1015 | B41: 2025-06-21 | C41: East | D41: Sneha Das | E41: Bluetooth Speaker | F41: Electronics | G41: 11 | H41: 2999
A42: 1100 | B42: 2025-01-19 | C42: West | D42: ROHAN SHAH | E42: Bluetooth Speaker | F42: Electronics | G42: 4 | H42: 2999
A43: 1051 | B43: 2025-04-08 | C43: North | D43: Ananya Rao | E43: A4 Paper Ream | F43: Stationery | G43: 8 | H43: 250
A44: 1016 | B44: 2025-02-13 | C44: South | D44: Divya Sharma | E44: Bookshelf | F44: Furniture | G44: 7 | H44: 4200
A45: 1081 | B45: 2025-02-21 | C45: West | D45: Rohan Shah | E45: A4 Paper Ream | F45: Stationery | G45: 4 | H45: 250
A46: 1109 | B46: 2025-01-20 | C46: East | D46: Sneha Das | E46: A4 Paper Ream | F46: Stationery | G46: 6 | H46: 250
A47: 1003 | B47: 2025-06-01 | C47: West | D47: Priya Mehta | E47: Laptop Pro 14 | F47: Electronics | G47: 2 | H47: 68000
A48: 1137 | B48: 2025-06-01 | C48: East | D48: Amit Ghosh | E48: Standing Desk | F48: Furniture | G48: 2 | H48: 15500
A49: 1157 | B49: 2025-01-30 | C49: North | D49: Ananya Rao | E49: Bookshelf | F49: furniture | G49: 2 | H49: 4200
... A111: 1085 | B111: 2025-03-08 | C111: South | D111: Karthik Iyer | E111: Laptop Pro 14 | F111: Electronics | G111: 2 | H111: 68000
A112: 1162 | B112: 2025-01-16 | C112: North | D112: Ravi Kumar | E112: Standing Desk | F112: Furniture | H112: 15500
A113: 1076 | B113: 2025-03-05 | C113: North | D113: Ananya Rao | E113: Notebook Set | F113: Stationery | G113: 7 | H113: 350
A114: 1108 | B114: 2025-03-12 | C114: West | D114: Priya Mehta | E114: A4 Paper Ream | F114: Stationery | G114: 8 | H114: 250
A115: 1039 | B115: 2025-06-11 | C115: North | D115: Ravi Kumar | E115: Wireless Mouse | F115: Electronics | G115: 1 | H115: 799
A116: 1170 | B116: 2025-05-26 | C116: East | D116: Amit Ghosh | E116: Wireless Mouse | F116: electronics | G116: 8 | H116: 799
A117: 1037 | B117: 2025-01-31 | C117: South | D117: Divya Sharma | E117: Wireless Mouse | F117: Electronics | G117: 6 | H117: 799
A118: 1178 | B118: 2025-04-15 | C118: East | D118: Amit Ghosh | E118: Wireless Mouse | F118: Electronics | G118: 3 | H118: 799
A119: 1174 | B119: 2025-01-07 | C119: North | D119: Ravi Kumar | E119: Bluetooth Speaker | F119: Electronics | G119: 10 | H119: 2999
A120: 1130 | B120: 2025-01-07 | C120: East | D120: Amit Ghosh | E120: 27in Monitor | F120: Electronics | G120: 12 | H120: 18500
A121: 1093 | B121: 2025-06-20 | C121: West | D121: Priya Mehta | E121: Bluetooth Speaker | F121: Electronics | H121: 2999
A122: 1101 | B122: 2025-06-28 | C122: West | D122: Rohan Shah | E122: 27in Monitor | F122: Electronics | G122: 4 | H122: 18500
A123: 1120 | B123: 2025-06-19 | C123: North | D123: Ravi Kumar | E123: 27in Monitor | F123: Electronics | G123: 3 | H123: 18500
A124: 1044 | B124: 2025-04-16 | C124: West | D124: Priya Mehta | E124: Wireless Mouse | F124: Electronics | G124: 1 | H124: 799
A125: 1054 | B125: 2025-05-19 | C125: North | D125: Ananya Rao | E125: Laptop Pro 14 | F125: Electronics | G125: 1 | H125: 68000
A126: 1110 | B126: 2025-03-23 | C126: North | D126: Ravi Kumar | E126: Office Chair | F126: Furniture | G126: 4 | H126: 6500
A127: 1102 | B127: 2025-02-07 | C127: North | D127: Ravi Kumar | E127: 27in Monitor | F127: Electronics | G127: 4 | H127: 18500
A128: 1179 | B128: 2025-03-26 | C128: West | D128: Rohan Shah | E128: A4 Paper Ream | F128: Stationery | G128: 11 | H128: 250
A129: 1071 | B129: 2025-02-03 | C129: East | D129: Sneha Das | E129: Bookshelf | F129: Furniture | G129: 9 | H129: 4200
A130: 1018 | B130: 2025-01-09 | C130: East | D130: Amit Ghosh | E130: A4 Paper Ream | F130: Stationery | G130: 2 | H130: 250
A131: 1035 | B131: 2025-06-26 | C131: South | D131: Karthik Iyer | E131: 27in Monitor | F131: Electronics | G131: 11 | H131: 18500
A132: 1172 | B132: 2025-05-19 | C132: West | D132: Rohan Shah | E132: Wireless Mouse | F132: Electronics | G132: 10 | H132: 799
A133: 1099 | B133: 2025-01-07 | C133: North | D133: Ravi Kumar | E133: Bookshelf | F133: Furniture | G133: 10 | H133: 4200
... A139: 1107 | B139: 2025-05-02 | C139: West | D139: Rohan Shah | E139: Standing Desk | F139: Furniture | G139: 11 | H139: 15500
A140: 1070 | B140: 2025-04-19 | C140: East | D140: Sneha Das | E140: Laptop Pro 14 | F140: Electronics | H140: 68000
A141: 1131 | B141: 2025-02-20 | C141: North | D141: Ravi Kumar | E141: Wireless Mouse | F141: electronics | G141: 12 | H141: 799
A142: 1075 | B142: 2025-04-04 | C142: North | D142: Ananya Rao | E142: Standing Desk | F142: Furniture | G142: 11 | H142: 15500
A143: 1168 | B143: 2025-05-20 | C143: South | D143: Divya Sharma | E143: A4 Paper Ream | F143: Stationery | G143: 3 | H143: 250
A144: 1040 | B144: 2025-03-26 | C144: North | D144: Ravi Kumar | E144: A4 Paper Ream | F144: stationery | G144: 11 | H144: 250
A145: 1031 | B145: 2025-01-29 | C145: East | D145: Amit Ghosh | E145: Standing Desk | F145: Furniture | G145: 1 | H145: 15500
A146: 1175 | B146: 2025-01-06 | C146: East | D146: Sneha Das | E146: Office Chair | F146: Furniture | G146: 8 | H146: 6500
A147: 1016 | B147: 2025-02-13 | C147: South | D147: Divya Sharma | E147: Bookshelf | F147: Furniture | G147: 7 | H147: 4200
A148: 1058 | B148: 2025-03-05 | C148: North | D148: Ravi Kumar | E148: 27in Monitor | F148: Electronics | G148: 11 | H148: 18500
A149: 1024 | B149: 2025-02-10 | C149: West | D149: Priya Mehta | E149: 27in Monitor | F149: Electronics | H149: 18500
A150: 1105 | B150: 2025-05-16 | C150: East | D150: Amit Ghosh | E150: Bluetooth Speaker | F150: electronics | G150: 12 | H150: 2999
A151: 1152 | B151: 2025-03-17 | C151: South | D151: Karthik Iyer | E151: Office Chair | F151: Furniture | G151: 5 | H151: 6500
A152: 1004 | B152: 2025-02-25 | C152: South | D152: Divya Sharma | E152: Notebook Set | F152: Stationery | G152: 4 | H152: 350
A153: 1142 | B153: 2025-03-12 | C153: North | D153: Ravi Kumar | E153: Wireless Mouse | F153: Electronics | G153: 4 | H153: 799
A154: 1080 | B154: 2025-01-28 | C154: West | D154: Priya Mehta | E154: Bookshelf | F154: Furniture | G154: 4 | H154: 4200
A155: 1041 | B155: 2025-05-05 | C155: South | D155: Divya Sharma | E155: Bluetooth Speaker | F155: Electronics | G155: 10 | H155: 2999
A156: 1062 | B156: 2025-01-03 | C156: West | D156: Priya Mehta | E156: Wireless Mouse | F156: Electronics | G156: 9 | H156: 799
A157: 1008 | B157: 2025-01-24 | C157: West | D157: Priya Mehta | E157: Gel Pen Pack | F157: Stationery | G157: 6 | H157: 120
A158: 1032 | B158: 2025-03-03 | C158: North | D158: Ravi Kumar | E158: Bookshelf | F158: Furniture | G158: 2 | H158: 4200
A159: 1125 | B159: 2025-06-16 | C159: North | D159: Ravi Kumar | E159: Laptop Pro 14 | F159: Electronics | G159: 4 | H159: 68000
A160: 1113 | B160: 2025-02-22 | C160: West | D160: Rohan Shah | E160: Bluetooth Speaker | F160: Electronics | G160: 12 | H160: 2999
A161: 1074 | B161: 2025-02-07 | C161: West | D161: Priya Mehta | E161: Laptop Pro 14 | F161: Electronics | G161: 5 | H161: 68000
... A170: 1160 | B170: 2025-04-17 | C170: South | D170: Karthik Iyer | E170: Bookshelf | F170: Furniture | G170: 8 | H170: 4200
A171: 1093 | B171: 2025-06-20 | C171: West | D171: Priya Mehta | E171: Bluetooth Speaker | F171: Electronics | H171: 2999
A172: 1133 | B172: 2025-04-20 | C172: East | D172: SNEHA DAS | E172: Notebook Set | F172: Stationery | G172: 11 | H172: 350
A173: 1049 | B173: 2025-01-24 | C173: South | D173: Divya Sharma | E173: 27in Monitor | F173: Electronics | G173: 8 | H173: 18500
A174: 1014 | B174: 2025-04-04 | C174: South | D174: Karthik Iyer | E174: Gel Pen Pack | F174: stationery | G174: 4 | H174: 120
A175: 1106 | B175: 2025-05-10 | C175: West | D175: Rohan Shah | E175: Office Chair | F175: Furniture | G175: 12 | H175: 6500
A176: 1119 | B176: 2025-06-09 | C176: North | D176: Ananya Rao | E176: Bluetooth Speaker | F176: Electronics | G176: 10 | H176: 2999
A177: 1139 | B177: 2025-06-06 | C177: West | D177: Rohan Shah | E177: Laptop Pro 14 | F177: Electronics | H177: 68000
A178: 1169 | B178: 2025-01-19 | C178: North | D178: Ravi Kumar | E178: A4 Paper Ream | F178: Stationery | G178: 10 | H178: 250
A179: 1001 | B179: 2025-06-13 | C179: North | D179: RAVI KUMAR | E179: A4 Paper Ream | F179: stationery | H179: 250
A180: 1132 | B180: 2025-03-19 | C180: North | D180: Ravi Kumar | E180: Gel Pen Pack | F180: Stationery | G180: 9 | H180: 120
A181: 1104 | B181: 2025-02-01 | C181: West | D181: Priya Mehta | E181: Bookshelf | F181: Furniture | G181: 11 | H181: 4200
A182: 1030 | B182: 2025-05-19 | C182: North | D182: Ananya Rao | E182: Bookshelf | F182: Furniture | G182: 1 | H182: 4200
A183: 1083 | B183: 2025-03-13 | C183: North | D183: Ananya Rao | E183: Gel Pen Pack | F183: Stationery | G183: 11 | H183: 120
A184: 1065 | B184: 2025-05-20 | C184: East | D184: Sneha Das | E184: Notebook Set | F184: Stationery | G184: 5 | H184: 350

Sheet Dashboard
B1: Sales Dashboard | L1: Search Manager | M1: Nikhil Verma
B2: Jan–Jun 2025 | Source: Cleaned_Data
L3: Order ID | M3: Region | N3: Sales Person | O3: Product | P3: Category | Q3: Units | R3: Unit Price | S3: Sales
L4: {=_xlfn._xlws.FILTER(_xlfn.HSTACK(Table2[OrderID],Table2[[Region Clean]:[Sales]]),Table2[Manager]=M1)} -> 1055 | M4: West | N4: Priya Mehta | O4: Laptop Pro 14 | P4: Electronics | Q4: 9 | R4: 68000 | S4: 612000
B5: Total Sales | D5: Total Orders | F5: Average Orders | H5: Top Region | J5: Top Sales Person | L5: 1114 | M5: West | N5: Rohan Shah | O5: Laptop Pro 14 | P5: Electronics | Q5: 6 | R5: 68000 | S5: 408000
B6: =SUM(Table2[Sales]) -> 9053158 | D6: =COUNTA(Table2[OrderID]) -> 180 | F6: =B6/D6 -> 50295.322 | H6: =INDEX('Pivot Tables'!D14:D17, MATCH(MAX('Pivot Tables'!E14:E17), 'Pivot Tables'!E14:E17, 0)) -> West | J6: =INDEX('Pivot Tables'!H4:H11,MATCH(MAX('Pivot Tables'!I4:I11),'Pivot Tables'!I4:I11,0)) -> Ravi Kumar | L6: 1074 | M6: West | N6: Priya Mehta | O6: Laptop Pro 14 | P6: Electronics | Q6: 5 | R6: 68000 | S6: 340000
L7: 1165 | M7: West | N7: Rohan Shah | O7: Laptop Pro 14 | P7: Electronics | Q7: 4 | R7: 68000 | S7: 272000
L8: 1107 | M8: West | N8: Rohan Shah | O8: Standing Desk | P8: Furniture | Q8: 11 | R8: 15500 | S8: 170500
L9: 1003 | M9: West | N9: Priya Mehta | O9: Laptop Pro 14 | P9: Electronics | Q9: 2 | R9: 68000 | S9: 136000
L10: 1084 | M10: West | N10: Rohan Shah | O10: Laptop Pro 14 | P10: Electronics | Q10: 2 | R10: 68000 | S10: 136000
L11: 1117 | M11: West | N11: Priya Mehta | O11: 27In Monitor | P11: Electronics | Q11: 6 | R11: 18500 | S11: 111000
L12: 1106 | M12: West | N12: Rohan Shah | O12: Office Chair | P12: Furniture | Q12: 12 | R12: 6500 | S12: 78000
L13: 1101 | M13: West | N13: Rohan Shah | O13: 27In Monitor | P13: Electronics | Q13: 4 | R13: 18500 | S13: 74000
L14: 1176 | M14: West | N14: Rohan Shah | O14: Office Chair | P14: Furniture | Q14: 10 | R14: 6500 | S14: 65000
L15: 1046 | M15: West | N15: Priya Mehta | O15: 27In Monitor | P15: Electronics | Q15: 3 | R15: 18500 | S15: 55500
L16: 1143 | M16: West | N16: Priya Mehta | O16: Bookshelf | P16: Furniture | Q16: 11 | R16: 4200 | S16: 46200
L17: 1013 | M17: West | N17: Rohan Shah | O17: Bookshelf | P17: Furniture | Q17: 11 | R17: 4200 | S17: 46200
L18: 1104 | M18: West | N18: Priya Mehta | O18: Bookshelf | P18: Furniture | Q18: 11 | R18: 4200 | S18: 46200
... L51: 1139 | M51: West | N51: Rohan Shah | O51: Laptop Pro 14 | P51: Electronics | Q51: 0 | R51: 68000 | S51: 0

Sheet Cleaned Dataset
A1: OrderID | B1: OrderDate | C1: Region Clean | D1: Sales Person | E1: Product | F1: Category | G1: Units | H1: Unit Price | I1: Sales | J1: Manager
A2: 1088 | B2: 45723 | C2: =PROPER(TRIM(Sales_Data!C52)) -> North | D2: =PROPER(TRIM(Sales_Data!D52)) -> Ananya Rao | E2: =PROPER(TRIM(Sales_Data!E52)) -> Laptop Pro 14 | F2: =PROPER(TRIM(Sales_Data!F52)) -> Electronics | G2: =IF(Sales_Data!G52=" ",0,Sales_Data!G52) -> 9 | H2: =Sales_Data!H52 -> 68000 | I2: =Table2[[#This Row],[Units]]*Table2[[#This Row],[Unit Price]] -> 612000 | J2: =_xlfn.XLOOKUP(Table2[[#This Row],[Region Clean]],Table4[Region],Table4[Manager]) -> Meera Nair
A3: 1055 | B3: 45807 | C3: =PROPER(TRIM(Sales_Data!C59)) -> West | D3: =PROPER(TRIM(Sales_Data!D59)) -> Priya Mehta | E3: =PROPER(TRIM(Sales_Data!E59)) -> Laptop Pro 14 | F3: =PROPER(TRIM(Sales_Data!F59)) -> Electronics | G3: =IF(Sales_Data!G59=" ",0,Sales_Data!G59) -> 9 | H3: =Sales_Data!H59 -> 68000 | I3: =Table2[[#This Row],[Units]]*Table2[[#This Row],[Unit Price]] -> 612000 | J3: =_xlfn.XLOOKUP(Table2[[#This Row],[Region Clean]],Table4[Region],Table4[Manager]) -> Nikhil Verma
A4: 1164 | B4: 45799 | C4: =PROPER(TRIM(Sales_Data!C91)) -> North | D4: =PROPER(TRIM(Sales_Data!D91)) -> Ravi Kumar | E4: =PROPER(TRIM(Sales_Data!E91)) -> Laptop Pro 14 | F4: =PROPER(TRIM(Sales_Data!F91)) -> Electronics | G4: =IF(Sales_Data!G91=" ",0,Sales_Data!G91) -> 7 | H4: =Sales_Data!H91 -> 68000 | I4: =Table2[[#This Row],[Units]]*Table2[[#This Row],[Unit Price]] -> 476000 | J4: =_xlfn.XLOOKUP(Table2[[#This Row],[Region Clean]],Table4[Region],Table4[Manager]) -> Meera Nair
A5: 1114 | B5: 45663 | C5: =PROPER(TRIM(Sales_Data!C167)) -> West | D5: =PROPER(TRIM(Sales_Data!D167)) -> Rohan Shah | E5: =PROPER(TRIM(Sales_Data!E167)) -> Laptop Pro 14 | F5: =PROPER(TRIM(Sales_Data!F167)) -> Electronics | G5: =IF(Sales_Data!G167=" ",0,Sales_Data!G167) -> 6 | H5: =Sales_Data!H167 -> 68000 | I5: =Table2[[#This Row],[Units]]*Table2[[#This Row],[Unit Price]] -> 408000 | J5: =_xlfn.XLOOKUP(Table2[[#This Row],[Region Clean]],Table4[Region],Table4[Manager]) -> Nikhil Verma
A6: 1074 | B6: 45695 | C6: =PROPER(TRIM(Sales_Data!C161)) -> West | D6: =PROPER(TRIM(Sales_Data!D161)) -> Priya Mehta | E6: =PROPER(TRIM(Sales_Data!E161)) -> Laptop Pro 14 | F6: =PROPER(TRIM(Sales_Data!F161)) -> Electronics | G6: =IF(Sales_Data!G161=" ",0,Sales_Data!G161) -> 5 | H6: =Sales_Data!H161 -> 68000 | I6: =Table2[[#This Row],[Units]]*Table2[[#This Row],[Unit Price]] -> 340000 | J6: =_xlfn.XLOOKUP(Table2[[#This Row],[Region Clean]],Table4[Region],Table4[Manager]) -> Nikhil Verma
A7: 1125 | B7: 45824 | C7: =PROPER(TRIM(Sales_Data!C159)) -> North | D7: =PROPER(TRIM(Sales_Data!D159)) -> Ravi Kumar | E7: =PROPER(TRIM(Sales_Data!E159)) -> Laptop Pro 14 | F7: =PROPER(TRIM(Sales_Data!F159)) -> Electronics | G7: =IF(Sales_Data!G159=" ",0,Sales_Data!G159) -> 4 | H7: =Sales_Data!H159 -> 68000 | I7: =Table2[[#This Row],[Units]]*Table2[[#This Row],[Unit Price]] -> 272000 | J7: =_xlfn.XLOOKUP(Table2[[#This Row],[Region Clean]],Table4[Region],Table4[Manager]) -> Meera Nair
A8: 1017 | B8: 45727 | C8: =PROPER(TRIM(Sales_Data!C81)) -> South | D8: =PROPER(TRIM(Sales_Data!D81)) -> Karthik Iyer | E8: =PROPER(TRIM(Sales_Data!E81)) -> Laptop Pro 14 | F8: =PROPER(TRIM(Sales_Data!F81)) -> Electronics | G8: =IF(Sales_Data!G81=" ",0,Sales_Data!G81) -> 4 | H8: =Sales_Data!H81 -> 68000 | I8: =Table2[[#This Row],[Units]]*Table2[[#This Row],[Unit Price]] -> 272000 | J8: =_xlfn.XLOOKUP(Table2[[#This Row],[Region Clean]],Table4[Region],Table4[Manager]) -> Arjun Reddy
A9: 1165 | B9: 45773 | C9: =PROPER(TRIM(Sales_Data!C25)) -> West | D9: =PROPER(TRIM(Sales_Data!D25)) -> Rohan Shah | E9: =PROPER(TRIM(Sales_Data!E25)) -> Laptop Pro 14 | F9: =PROPER(TRIM(Sales_Data!F25)) -> Electronics | G9: =IF(Sales_Data!G25=" ",0,Sales_Data!G25) -> 4 | H9: =Sales_Data!H25 -> 68000 | I9: =Table2[[#This Row],[Units]]*Table2[[#This Row],[Unit Price]] -> 272000 | J9: =_xlfn.XLOOKUP(Table2[[#This Row],[Region Clean]],Table4[Region],Table4[Manager]) -> Nikhil Verma
A10: 1130 | B10: 45664 | C10: =PROPER(TRIM(Sales_Data!C120)) -> East | D10: =PROPER(TRIM(Sales_Data!D120)) -> Amit Ghosh | E10: =PROPER(TRIM(Sales_Data!E120)) -> 27In Monitor | F10: =PROPER(TRIM(Sales_Data!F120)) -> Electronics | G10: =IF(Sales_Data!G120=" ",0,Sales_Data!G120) -> 12 | H10: =Sales_Data!H120 -> 18500 | I10: =Table2[[#This Row],[Units]]*Table2[[#This Row],[Unit Price]] -> 222000 | J10: =_xlfn.XLOOKUP(Table2[[#This Row],[Region Clean]],Table4[Region],Table4[Manager]) -> Kavita Bose
A11: 1050 | B11: 45781 | C11: =PROPER(TRIM(Sales_Data!C93)) -> South | D11: =PROPER(TRIM(Sales_Data!D93)) -> Karthik Iyer | E11: =PROPER(TRIM(Sales_Data!E93)) -> Laptop Pro 14 | F11: =PROPER(TRIM(Sales_Data!F93)) -> Electronics | G11: =IF(Sales_Data!G93=" ",0,Sales_Data!G93) -> 3 | H11: =Sales_Data!H93 -> 68000 | I11: =Table2[[#This Row],[Units]]*Table2[[#This Row],[Unit Price]] -> 204000 | J11: =_xlfn.XLOOKUP(Table2[[#This Row],[Region Clean]],Table4[Region],Table4[Manager]) -> Arjun Reddy
A12: 1058 | B12: 45721 | C12: =PROPER(TRIM(Sales_Data!C148)) -> North | D12: =PROPER(TRIM(Sales_Data!D148)) -> Ravi Kumar | E12: =PROPER(TRIM(Sales_Data!E148)) -> 27In Monitor | F12: =PROPER(TRIM(Sales_Data!F148)) -> Electronics | G12: =IF(Sales_Data!G148=" ",0,Sales_Data!G148) -> 11 | H12: =Sales_Data!H148 -> 18500 | I12: =Table2[[#This Row],[Units]]*Table2[[#This Row],[Unit Price]] -> 203500 | J12: =_xlfn.XLOOKUP(Table2[[#This Row],[Region Clean]],Table4[Region],Table4[Manager]) -> Meera Nair
A13: 1035 | B13: 45834 | C13: =PROPER(TRIM(Sales_Data!C131)) -> South | D13: =PROPER(TRIM(Sales_Data!D131)) -> Karthik Iyer | E13: =PROPER(TRIM(Sales_Data!E131)) -> 27In Monitor | F13: =PROPER(TRIM(Sales_Data!F131)) -> Electronics | G13: =IF(Sales_Data!G131=" ",0,Sales_Data!G131) -> 11 | H13: =Sales_Data!H131 -> 18500 | I13: =Table2[[#This Row],[Units]]*Table2[[#This Row],[Unit Price]] -> 203500 | J13: =_xlfn.XLOOKUP(Table2[[#This Row],[Region Clean]],Table4[Region],Table4[Manager]) -> Arjun Reddy
A14: 1150 | B14: 45795 | C14: =PROPER(TRIM(Sales_Data!C103)) -> South | D14: =PROPER(TRIM(Sales_Data!D103)) -> Divya Sharma | E14: =PROPER(TRIM(Sales_Data!E103)) -> Standing Desk | F14: =PROPER(TRIM(Sales_Data!F103)) -> Furniture | G14: =IF(Sales_Data!G103=" ",0,Sales_Data!G103) -> 12 | H14: =Sales_Data!H103 -> 15500 | I14: =Table2[[#This Row],[Units]]*Table2[[#This Row],[Unit Price]] -> 186000 | J14: =_xlfn.XLOOKUP(Table2[[#This Row],[Region Clean]],Table4[Region],Table4[Manager]) -> Arjun Reddy
A15: 1059 | B15: 45807 | C15: =PROPER(TRIM(Sales_Data!C99)) -> East | D15: =PROPER(TRIM(Sales_Data!D99)) -> Amit Ghosh | E15: =PROPER(TRIM(Sales_Data!E99)) -> Standing Desk | F15: =PROPER(TRIM(Sales_Data!F99)) -> Furniture | G15: =IF(Sales_Data!G99=" ",0,Sales_Data!G99) -> 11 | H15: =Sales_Data!H99 -> 15500 | I15: =Table2[[#This Row],[Units]]*Table2[[#This Row],[Unit Price]] -> 170500 | J15: =_xlfn.XLOOKUP(Table2[[#This Row],[Region Clean]],Table4[Region],Table4[Manager]) -> Kavita Bose
A16: 1075 | B16: 45751 | C16: =PROPER(TRIM(Sales_Data!C142)) -> North | D16: =PROPER(TRIM(Sales_Data!D142)) -> Ananya Rao | E16: =PROPER(TRIM(Sales_Data!E142)) -> Standing Desk | F16: =PROPER(TRIM(Sales_Data!F142)) -> Furniture | G16: =IF(Sales_Data!G142=" ",0,Sales_Data!G142) -> 11 | H16: =Sales_Data!H142 -> 15500 | I16: =Table2[[#This Row],[Units]]*Table2[[#This Row],[Unit Price]] -> 170500 | J16: =_xlfn.XLOOKUP(Table2[[#This Row],[Region Clean]],Table4[Region],Table4[Manager]) -> Meera Nair
A17: 1107 | B17: 45779 | C17: =PROPER(TRIM(Sales_Data!C139)) -> West | D17: =PROPER(TRIM(Sales_Data!D139)) -> Rohan Shah | E17: =PROPER(TRIM(Sales_Data!E139)) -> Standing Desk | F17: =PROPER(TRIM(Sales_Data!F139)) -> Furniture | G17: =IF(Sales_Data!G139=" ",0,Sales_Data!G139) -> 11 | H17: =Sales_Data!H139 -> 15500 | I17: =Table2[[#This Row],[Units]]*Table2[[#This Row],[Unit Price]] -> 170500 | J17: =_xlfn.XLOOKUP(Table2[[#This Row],[Region Clean]],Table4[Region],Table4[Manager]) -> Nikhil Verma
A18: 1049 | B18: 45681 | C18: =PROPER(TRIM(Sales_Data!C173)) -> South | D18: =PROPER(TRIM(Sales_Data!D173)) -> Divya Sharma | E18: =PROPER(TRIM(Sales_Data!E173)) -> 27In Monitor | F18: =PROPER(TRIM(Sales_Data!F173)) -> Electronics | G18: =IF(Sales_Data!G173=" ",0,Sales_Data!G173) -> 8 | H18: =Sales_Data!H173 -> 18500 | I18: =Table2[[#This Row],[Units]]*Table2[[#This Row],[Unit Price]] -> 148000 | J18: =_xlfn.XLOOKUP(Table2[[#This Row],[Region Clean]],Table4[Region],Table4[Manager]) -> Arjun Reddy
A19: 1034 | B19: 45700 | C19: =PROPER(TRIM(Sales_Data!C162)) -> East | D19: =PROPER(TRIM(Sales_Data!D162)) -> Amit Ghosh | E19: =PROPER(TRIM(Sales_Data!E162)) -> Standing Desk | F19: =PROPER(TRIM(Sales_Data!F162)) -> Furniture | G19: =IF(Sales_Data!G162=" ",0,Sales_Data!G162) -> 9 | H19: =Sales_Data!H162 -> 15500 | I19: =Table2[[#This Row],[Units]]*Table2[[#This Row],[Unit Price]] -> 139500 | J19: =_xlfn.XLOOKUP(Table2[[#This Row],[Region Clean]],Table4[Region],Table4[Manager]) -> Kavita Bose
A20: 1085 | B20: 45724 | C20: =PROPER(TRIM(Sales_Data!C111)) -> South | D20: =PROPER(TRIM(Sales_Data!D111)) -> Karthik Iyer | E20: =PROPER(TRIM(Sales_Data!E111)) -> Laptop Pro 14 | F20: =PROPER(TRIM(Sales_Data!F111)) -> Electronics | G20: =IF(Sales_Data!G111=" ",0,Sales_Data!G111) -> 2 | H20: =Sales_Data!H111 -> 68000 | I20: =Table2[[#This Row],[Units]]*Table2[[#This Row],[Unit Price]] -> 136000 | J20: =_xlfn.XLOOKUP(Table2[[#This Row],[Region Clean]],Table4[Region],Table4[Manager]) -> Arjun Reddy
A21: 1038 | B21: 45663 | C21: =PROPER(TRIM(Sales_Data!C134)) -> South | D21: =PROPER(TRIM(Sales_Data!D134)) -> Divya Sharma | E21: =PROPER(TRIM(Sales_Data!E134)) -> Laptop Pro 14 | F21: =PROPER(TRIM(Sales_Data!F134)) -> Electronics | G21: =IF(Sales_Data!G134=" ",0,Sales_Data!G134) -> 2 | H21: =Sales_Data!H134 -> 68000 | I21: =Table2[[#This Row],[Units]]*Table2[[#This Row],[Unit Price]] -> 136000 | J21: =_xlfn.XLOOKUP(Table2[[#This Row],[Region Clean]],Table4[Region],Table4[Manager]) -> Arjun Reddy
A22: 1003 | B22: 45809 | C22: =PROPER(TRIM(Sales_Data!C47)) -> West | D22: =PROPER(TRIM(Sales_Data!D47)) -> Priya Mehta | E22: =PROPER(TRIM(Sales_Data!E47)) -> Laptop Pro 14 | F22: =PROPER(TRIM(Sales_Data!F47)) -> Electronics | G22: =IF(Sales_Data!G47=" ",0,Sales_Data!G47) -> 2 | H22: =Sales_Data!H47 -> 68000 | I22: =Table2[[#This Row],[Units]]*Table2[[#This Row],[Unit Price]] -> 136000 | J22: =_xlfn.XLOOKUP(Table2[[#This Row],[Region Clean]],Table4[Region],Table4[Manager]) -> Nikhil Verma
A23: 1084 | B23: 45788 | C23: =PROPER(TRIM(Sales_Data!C85)) -> West | D23: =PROPER(TRIM(Sales_Data!D85)) -> Rohan Shah | E23: =PROPER(TRIM(Sales_Data!E85)) -> Laptop Pro 14 | F23: =PROPER(TRIM(Sales_Data!F85)) -> Electronics | G23: =IF(Sales_Data!G85=" ",0,Sales_Data!G85) -> 2 | H23: =Sales_Data!H85 -> 68000 | I23: =Table2[[#This Row],[Units]]*Table2[[#This Row],[Unit Price]] -> 136000 | J23: =_xlfn.XLOOKUP(Table2[[#This Row],[Region Clean]],Table4[Region],Table4[Manager]) -> Nikhil Verma
A24: 1082 | B24: 45715 | C24: =PROPER(TRIM(Sales_Data!C56)) -> North | D24: =PROPER(TRIM(Sales_Data!D56)) -> Ravi Kumar | E24: =PROPER(TRIM(Sales_Data!E56)) -> 27In Monitor | F24: =PROPER(TRIM(Sales_Data!F56)) -> Electronics | G24: =IF(Sales_Data!G56=" ",0,Sales_Data!G56) -> 6 | H24: =Sales_Data!H56 -> 18500 | I24: =Table2[[#This Row],[Units]]*Table2[[#This Row],[Unit Price]] -> 111000 | J24: =_xlfn.XLOOKUP(Table2[[#This Row],[Region Clean]],Table4[Region],Table4[Manager]) -> Meera Nair
A25: 1006 | B25: 45729 | C25: =PROPER(TRIM(Sales_Data!C90)) -> North | D25: =PROPER(TRIM(Sales_Data!D90)) -> Ravi Kumar | E25: =PROPER(TRIM(Sales_Data!E90)) -> 27In Monitor | F25: =PROPER(TRIM(Sales_Data!F90)) -> Electronics | G25: =IF(Sales_Data!G90=" ",0,Sales_Data!G90) -> 6 | H25: =Sales_Data!H90 -> 18500 | I25: =Table2[[#This Row],[Units]]*Table2[[#This Row],[Unit Price]] -> 111000 | J25: =_xlfn.XLOOKUP(Table2[[#This Row],[Region Clean]],Table4[Region],Table4[Manager]) -> Meera Nair
A26: 1117 | B26: 45769 | C26: =PROPER(TRIM(Sales_Data!C135)) -> West | D26: =PROPER(TRIM(Sales_Data!D135)) -> Priya Mehta | E26: =PROPER(TRIM(Sales_Data!E135)) -> 27In Monitor | F26: =PROPER(TRIM(Sales_Data!F135)) -> Electronics | G26: =IF(Sales_Data!G135=" ",0,Sales_Data!G135) -> 6 | H26: =Sales_Data!H135 -> 18500 | I26: =Table2[[#This Row],[Units]]*Table2[[#This Row],[Unit Price]] -> 111000 | J26: =_xlfn.XLOOKUP(Table2[[#This Row],[Region Clean]],Table4[Region],Table4[Manager]) -> Nikhil Verma
A27: 1092 | B27: 45836 | C27: =PROPER(TRIM(Sales_Data!C86)) -> East | D27: =PROPER(TRIM(Sales_Data!D86)) -> Sneha Das | E27: =PROPER(TRIM(Sales_Data!E86)) -> Standing Desk | F27: =PROPER(TRIM(Sales_Data!F86)) -> Furniture | G27: =IF(Sales_Data!G86=" ",0,Sales_Data!G86) -> 7 | H27: =Sales_Data!H86 -> 15500 | I27: =Table2[[#This Row],[Units]]*Table2[[#This Row],[Unit Price]] -> 108500 | J27: =_xlfn.XLOOKUP(Table2[[#This Row],[Region Clean]],Table4[Region],Table4[Manager]) -> Kavita Bose
A28: 1140 | B28: 45741 | C28: =PROPER(TRIM(Sales_Data!C100)) -> South | D28: =PROPER(TRIM(Sales_Data!D100)) -> Karthik Iyer | E28: =PROPER(TRIM(Sales_Data!E100)) -> Standing Desk | F28: =PROPER(TRIM(Sales_Data!F100)) -> Furniture | G28: =IF(Sales_Data!G100=" ",0,Sales_Data!G100) -> 6 | H28: =Sales_Data!H100 -> 15500 | I28: =Table2[[#This Row],[Units]]*Table2[[#This Row],[Unit Price]] -> 93000 | J28: =_xlfn.XLOOKUP(Table2[[#This Row],[Region Clean]],Table4[Region],Table4[Manager]) -> Arjun Reddy
A29: 1079 | B29: 45829 | C29: =PROPER(TRIM(Sales_Data!C31)) -> South | D29: =PROPER(TRIM(Sales_Data!D31)) -> Karthik Iyer | E29: =PROPER(TRIM(Sales_Data!E31)) -> Office Chair | F29: =PROPER(TRIM(Sales_Data!F31)) -> Furniture | G29: =IF(Sales_Data!G31=" ",0,Sales_Data!G31) -> 12 | H29: =Sales_Data!H31 -> 6500 | I29: =Table2[[#This Row],[Units]]*Table2[[#This Row],[Unit Price]] -> 78000 | J29: =_xlfn.XLOOKUP(Table2[[#This Row],[Region Clean]],Table4[Region],Table4[Manager]) -> Arjun Reddy
A30: 1106 | B30: 45787 | C30: =PROPER(TRIM(Sales_Data!C175)) -> West | D30: =PROPER(TRIM(Sales_Data!D175)) -> Rohan Shah | E30: =PROPER(TRIM(Sales_Data!E175)) -> Office Chair | F30: =PROPER(TRIM(Sales_Data!F175)) -> Furniture | G30: =IF(Sales_Data!G175=" ",0,Sales_Data!G175) -> 12 | H30: =Sales_Data!H175 -> 6500 | I30: =Table2[[#This Row],[Units]]*Table2[[#This Row],[Unit Price]] -> 78000 | J30: =_xlfn.XLOOKUP(Table2[[#This Row],[Region Clean]],Table4[Region],Table4[Manager]) -> Nikhil Verma
A31: 1102 | B31: 45695 | C31: =PROPER(TRIM(Sales_Data!C127)) -> North | D31: =PROPER(TRIM(Sales_Data!D127)) -> Ravi Kumar | E31: =PROPER(TRIM(Sales_Data!E127)) -> 27In Monitor | F31: =PROPER(TRIM(Sales_Data!F127)) -> Electronics | G31: =IF(Sales_Data!G127=" ",0,Sales_Data!G127) -> 4 | H31: =Sales_Data!H127 -> 18500 | I31: =Table2[[#This Row],[Units]]*Table2[[#This Row],[Unit Price]] -> 74000 | J31: =_xlfn.XLOOKUP(Table2[[#This Row],[Region Clean]],Table4[Region],Table4[Manager]) -> Meera Nair
A32: 1042 | B32: 45779 | C32: =PROPER(TRIM(Sales_Data!C98)) -> South | D32: =PROPER(TRIM(Sales_Data!D98)) -> Karthik Iyer | E32: =PROPER(TRIM(Sales_Data!E98)) -> 27In Monitor | F32: =PROPER(TRIM(Sales_Data!F98)) -> Electronics | G32: =IF(Sales_Data!G98=" ",0,Sales_Data!G98) -> 4 | H32: =Sales_Data!H98 -> 18500 | I32: =Table2[[#This Row],[Units]]*Table2[[#This Row],[Unit Price]] -> 74000 | J32: =_xlfn.XLOOKUP(Table2[[#This Row],[Region Clean]],Table4[Region],Table4[Manager]) -> Arjun Reddy
A33: 1101 | B33: 45836 | C33: =PROPER(TRIM(Sales_Data!C122)) -> West | D33: =PROPER(TRIM(Sales_Data!D122)) -> Rohan Shah | E33: =PROPER(TRIM(Sales_Data!E122)) -> 27In Monitor | F33: =PROPER(TRIM(Sales_Data!F122)) -> Electronics | G33: =IF(Sales_Data!G122=" ",0,Sales_Data!G122) -> 4 | H33: =Sales_Data!H122 -> 18500 | I33: =Table2[[#This Row],[Units]]*Table2[[#This Row],[Unit Price]] -> 74000 | J33: =_xlfn.XLOOKUP(Table2[[#This Row],[Region Clean]],Table4[Region],Table4[Manager]) -> Nikhil Verma
A34: 1023 | B34: 45681 | C34: =PROPER(TRIM(Sales_Data!C2)) -> North | D34: =PROPER(TRIM(Sales_Data!D2)) -> Ravi Kumar | E34: =PROPER(TRIM(Sales_Data!E2)) -> Office Chair | F34: =PROPER(TRIM(Sales_Data!F2)) -> Furniture | G34: =IF(Sales_Data!G2=" ",0,Sales_Data!G2) -> 11 | H34: =Sales_Data!H2 -> 6500 | I34: =Table2[[#This Row],[Units]]*Table2[[#This Row],[Unit Price]] -> 71500 | J34: =_xlfn.XLOOKUP(Table2[[#This Row],[Region Clean]],Table4[Region],Table4[Manager]) -> Meera Nair
A35: 1096 | B35: 45771 | C35: =PROPER(TRIM(Sales_Data!C54)) -> South | D35: =PROPER(TRIM(Sales_Data!D54)) -> Karthik Iyer | E35: =PROPER(TRIM(Sales_Data!E54)) -> Office Chair | F35: =PROPER(TRIM(Sales_Data!F54)) -> Furniture | G35: =IF(Sales_Data!G54=" ",0,Sales_Data!G54) -> 11 | H35: =Sales_Data!H54 -> 6500 | I35: =Table2[[#This Row],[Units]]*Table2[[#This Row],[Unit Price]] -> 71500 | J35: =_xlfn.XLOOKUP(Table2[[#This Row],[Region Clean]],Table4[Region],Table4[Manager]) -> Arjun Reddy
A36: 1054 | B36: 45796 | C36: =PROPER(TRIM(Sales_Data!C125)) -> North | D36: =PROPER(TRIM(Sales_Data!D125)) -> Ananya Rao | E36: =PROPER(TRIM(Sales_Data!E125)) -> Laptop Pro 14 | F36: =PROPER(TRIM(Sales_Data!F125)) -> Electronics | G36: =IF(Sales_Data!G125=" ",0,Sales_Data!G125) -> 1 | H36: =Sales_Data!H125 -> 68000 | I36: =Table2[[#This Row],[Units]]*Table2[[#This Row],[Unit Price]] -> 68000 | J36: =_xlfn.XLOOKUP(Table2[[#This Row],[Region Clean]],Table4[Region],Table4[Manager]) -> Meera Nair
A37: 1153 | B37: 45661 | C37: =PROPER(TRIM(Sales_Data!C22)) -> South | D37: =PROPER(TRIM(Sales_Data!D22)) -> Karthik Iyer | E37: =PROPER(TRIM(Sales_Data!E22)) -> Laptop Pro 14 | F37: =PROPER(TRIM(Sales_Data!F22)) -> Electronics | G37: =IF(Sales_Data!G22=" ",0,Sales_Data!G22) -> 1 | H37: =Sales_Data!H22 -> 68000 | I37: =Table2[[#This Row],[Units]]*Table2[[#This Row],[Unit Price]] -> 68000 | J37: =_xlfn.XLOOKUP(Table2[[#This Row],[Region Clean]],Table4[Region],Table4[Manager]) -> Arjun Reddy
A38: 1158 | B38: 45805 | C38: =PROPER(TRIM(Sales_Data!C9)) -> North | D38: =PROPER(TRIM(Sales_Data!D9)) -> Ravi Kumar | E38: =PROPER(TRIM(Sales_Data!E9)) -> Office Chair | F38: =PROPER(TRIM(Sales_Data!F9)) -> Furniture | G38: =IF(Sales_Data!G9=" ",0,Sales_Data!G9) -> 10 | H38: =Sales_Data!H9 -> 6500 | I38: =Table2[[#This Row],[Units]]*Table2[[#This Row],[Unit Price]] -> 65000 | J38: =_xlfn.XLOOKUP(Table2[[#This Row],[Region Clean]],Table4[Region],Table4[Manager]) -> Meera Nair
A39: 1176 | B39: 45790 | C39: =PROPER(TRIM(Sales_Data!C101)) -> West | D39: =PROPER(TRIM(Sales_Data!D101)) -> Rohan Shah | E39: =PROPER(TRIM(Sales_Data!E101)) -> Office Chair | F39: =PROPER(TRIM(Sales_Data!F101)) -> Furniture | G39: =IF(Sales_Data!G101=" ",0,Sales_Data!G101) -> 10 | H39: =Sales_Data!H101 -> 6500 | I39: =Table2[[#This Row],[Units]]*Table2[[#This Row],[Unit Price]] -> 65000 | J39: =_xlfn.XLOOKUP(Table2[[#This Row],[Region Clean]],Table4[Region],Table4[Manager]) -> Nikhil Verma
A40: 1045 | B40: 45761 | C40: =PROPER(TRIM(Sales_Data!C105)) -> East | D40: =PROPER(TRIM(Sales_Data!D105)) -> Sneha Das | E40: =PROPER(TRIM(Sales_Data!E105)) -> Standing Desk | F40: =PROPER(TRIM(Sales_Data!F105)) -> Furniture | G40: =IF(Sales_Data!G105=" ",0,Sales_Data!G105) -> 4 | H40: =Sales_Data!H105 -> 15500 | I40: =Table2[[#This Row],[Units]]*Table2[[#This Row],[Unit Price]] -> 62000 | J40: =_xlfn.XLOOKUP(Table2[[#This Row],[Region Clean]],Table4[Region],Table4[Manager]) -> Kavita Bose
A41: 1120 | B41: 45827 | C41: =PROPER(TRIM(Sales_Data!C123)) -> North | D41: =PROPER(TRIM(Sales_Data!D123)) -> Ravi Kumar | E41: =PROPER(TRIM(Sales_Data!E123)) -> 27In Monitor | F41: =PROPER(TRIM(Sales_Data!F123)) -> Electronics | G41: =IF(Sales_Data!G123=" ",0,Sales_Data!G123) -> 3 | H41: =Sales_Data!H123 -> 18500 | I41: =Table2[[#This Row],[Units]]*Table2[[#This Row],[Unit Price]] -> 55500 | J41: =_xlfn.XLOOKUP(Table2[[#This Row],[Region Clean]],Table4[Region],Table4[Manager]) -> Meera Nair
A42: 1060 | B42: 45738 | C42: =PROPER(TRIM(Sales_Data!C20)) -> South | D42: =PROPER(TRIM(Sales_Data!D20)) -> Karthik Iyer | E42: =PROPER(TRIM(Sales_Data!E20)) -> 27In Monitor | F42: =PROPER(TRIM(Sales_Data!F20)) -> Electronics | G42: =IF(Sales_Data!G20=" ",0,Sales_Data!G20) -> 3 | H42: =Sales_Data!H20 -> 18500 | I42: =Table2[[#This Row],[Units]]*Table2[[#This Row],[Unit Price]] -> 55500 | J42: =_xlfn.XLOOKUP(Table2[[#This Row],[Region Clean]],Table4[Region],Table4[Manager]) -> Arjun Reddy
A43: 1046 | B43: 45706 | C43: =PROPER(TRIM(Sales_Data!C51)) -> West | D43: =PROPER(TRIM(Sales_Data!D51)) -> Priya Mehta | E43: =PROPER(TRIM(Sales_Data!E51)) -> 27In Monitor | F43: =PROPER(TRIM(Sales_Data!F51)) -> Electronics | G43: =IF(Sales_Data!G51=" ",0,Sales_Data!G51) -> 3 | H43: =Sales_Data!H51 -> 18500 | I43: =Table2[[#This Row],[Units]]*Table2[[#This Row],[Unit Price]] -> 55500 | J43: =_xlfn.XLOOKUP(Table2[[#This Row],[Region Clean]],Table4[Region],Table4[Manager]) -> Nikhil Verma
A44: 1064 | B44: 45720 | C44: =PROPER(TRIM(Sales_Data!C83)) -> East | D44: =PROPER(TRIM(Sales_Data!D83)) -> Amit Ghosh | E44: =PROPER(TRIM(Sales_Data!E83)) -> Office Chair | F44: =PROPER(TRIM(Sales_Data!F83)) -> Furniture | G44: =IF(Sales_Data!G83=" ",0,Sales_Data!G83) -> 8 | H44: =Sales_Data!H83 -> 6500 | I44: =Table2[[#This Row],[Units]]*Table2[[#This Row],[Unit Price]] -> 52000 | J44: =_xlfn.XLOOKUP(Table2[[#This Row],[Region Clean]],Table4[Region],Table4[Manager]) -> Kavita Bose
A45: 1175 | B45: 45663 | C45: =PROPER(TRIM(Sales_Data!C146)) -> East | D45: =PROPER(TRIM(Sales_Data!D146)) -> Sneha Das | E45: =PROPER(TRIM(Sales_Data!E146)) -> Office Chair | F45: =PROPER(TRIM(Sales_Data!F146)) -> Furniture | G45: =IF(Sales_Data!G146=" ",0,Sales_Data!G146) -> 8 | H45: =Sales_Data!H146 -> 6500 | I45: =Table2[[#This Row],[Units]]*Table2[[#This Row],[Unit Price]] -> 52000 | J45: =_xlfn.XLOOKUP(Table2[[#This Row],[Region Clean]],Table4[Region],Table4[Manager]) -> Kavita Bose
A46: 1127 | B46: 45779 | C46: =PROPER(TRIM(Sales_Data!C87)) -> North | D46: =PROPER(TRIM(Sales_Data!D87)) -> Ravi Kumar | E46: =PROPER(TRIM(Sales_Data!E87)) -> Bookshelf | F46: =PROPER(TRIM(Sales_Data!F87)) -> Furniture | G46: =IF(Sales_Data!G87=" ",0,Sales_Data!G87) -> 12 | H46: =Sales_Data!H87 -> 4200 | I46: =Table2[[#This Row],[Units]]*Table2[[#This Row],[Unit Price]] -> 50400 | J46: =_xlfn.XLOOKUP(Table2[[#This Row],[Region Clean]],Table4[Region],Table4[Manager]) -> Meera Nair
A47: 1098 | B47: 45830 | C47: =PROPER(TRIM(Sales_Data!C102)) -> East | D47: =PROPER(TRIM(Sales_Data!D102)) -> Sneha Das | E47: =PROPER(TRIM(Sales_Data!E102)) -> Standing Desk | F47: =PROPER(TRIM(Sales_Data!F102)) -> Furniture | G47: =IF(Sales_Data!G102=" ",0,Sales_Data!G102) -> 3 | H47: =Sales_Data!H102 -> 15500 | I47: =Table2[[#This Row],[Units]]*Table2[[#This Row],[Unit Price]] -> 46500 | J47: =_xlfn.XLOOKUP(Table2[[#This Row],[Region Clean]],Table4[Region],Table4[Manager]) -> Kavita Bose
A48: 1126 | B48: 45709 | C48: =PROPER(TRIM(Sales_Data!C33)) -> North | D48: =PROPER(TRIM(Sales_Data!D33)) -> Ravi Kumar | E48: =PROPER(TRIM(Sales_Data!E33)) -> Standing Desk | F48: =PROPER(TRIM(Sales_Data!F33)) -> Furniture | G48: =IF(Sales_Data!G33=" ",0,Sales_Data!G33) -> 3 | H48: =Sales_Data!H33 -> 15500 | I48: =Table2[[#This Row],[Units]]*Table2[[#This Row],[Unit Price]] -> 46500 | J48: =_xlfn.XLOOKUP(Table2[[#This Row],[Region Clean]],Table4[Region],Table4[Manager]) -> Meera Nair
A49: 1163 | B49: 45827 | C49: =PROPER(TRIM(Sales_Data!C107)) -> North | D49: =PROPER(TRIM(Sales_Data!D107)) -> Ravi Kumar | E49: =PROPER(TRIM(Sales_Data!E107)) -> Standing Desk | F49: =PROPER(TRIM(Sales_Data!F107)) -> Furniture | G49: =IF(Sales_Data!G107=" ",0,Sales_Data!G107) -> 3 | H49: =Sales_Data!H107 -> 15500 | I49: =Table2[[#This Row],[Units]]*Table2[[#This Row],[Unit Price]] -> 46500 | J49: =_xlfn.XLOOKUP(Table2[[#This Row],[Region Clean]],Table4[Region],Table4[Manager]) -> Meera Nair
A50: 1143 | B50: 45762 | C50: =PROPER(TRIM(Sales_Data!C64)) -> West | D50: =PROPER(TRIM(Sales_Data!D64)) -> Priya Mehta | E50: =PROPER(TRIM(Sales_Data!E64)) -> Bookshelf | F50: =PROPER(TRIM(Sales_Data!F64)) -> Furniture | G50: =IF(Sales_Data!G64=" ",0,Sales_Data!G64) -> 11 | H50: =Sales_Data!H64 -> 4200 | I50: =Table2[[#This Row],[Units]]*Table2[[#This Row],[Unit Price]] -> 46200 | J50: =_xlfn.XLOOKUP(Table2[[#This Row],[Region Clean]],Table4[Region],Table4[Manager]) -> Nikhil Verma
A51: 1013 | B51: 45683 | C51: =PROPER(TRIM(Sales_Data!C77)) -> West | D51: =PROPER(TRIM(Sales_Data!D77)) -> Rohan Shah | E51: =PROPER(TRIM(Sales_Data!E77)) -> Bookshelf | F51: =PROPER(TRIM(Sales_Data!F77)) -> Furniture | G51: =IF(Sales_Data!G77=" ",0,Sales_Data!G77) -> 11 | H51: =Sales_Data!H77 -> 4200 | I51: =Table2[[#This Row],[Units]]*Table2[[#This Row],[Unit Price]] -> 46200 | J51: =_xlfn.XLOOKUP(Table2[[#This Row],[Region Clean]],Table4[Region],Table4[Manager]) -> Nikhil Verma
A52: 1104 | B52: 45689 | C52: =PROPER(TRIM(Sales_Data!C181)) -> West | D52: =PROPER(TRIM(Sales_Data!D181)) -> Priya Mehta | E52: =PROPER(TRIM(Sales_Data!E181)) -> Bookshelf | F52: =PROPER(TRIM(Sales_Data!F181)) -> Furniture | G52: =IF(Sales_Data!G181=" ",0,Sales_Data!G181) -> 11 | H52: =Sales_Data!H181 -> 4200 | I52: =Table2[[#This Row],[Units]]*Table2[[#This Row],[Unit Price]] -> 46200 | J52: =_xlfn.XLOOKUP(Table2[[#This Row],[Region Clean]],Table4[Region],Table4[Manager]) -> Nikhil Verma
A53: 1135 | B53: 45768 | C53: =PROPER(TRIM(Sales_Data!C110)) -> East | D53: =PROPER(TRIM(Sales_Data!D110)) -> Amit Ghosh | E53: =PROPER(TRIM(Sales_Data!E110)) -> Office Chair | F53: =PROPER(TRIM(Sales_Data!F110)) -> Furniture | G53: =IF(Sales_Data!G110=" ",0,Sales_Data!G110) -> 7 | H53: =Sales_Data!H110 -> 6500 | I53: =Table2[[#This Row],[Units]]*Table2[[#This Row],[Unit Price]] -> 45500 | J53: =_xlfn.XLOOKUP(Table2[[#This Row],[Region Clean]],Table4[Region],Table4[Manager]) -> Kavita Bose
A54: 1099 | B54: 45664 | C54: =PROPER(TRIM(Sales_Data!C133)) -> North | D54: =PROPER(TRIM(Sales_Data!D133)) -> Ravi Kumar | E54: =PROPER(TRIM(Sales_Data!E133)) -> Bookshelf | F54: =PROPER(TRIM(Sales_Data!F133)) -> Furniture | G54: =IF(Sales_Data!G133=" ",0,Sales_Data!G133) -> 10 | H54: =Sales_Data!H133 -> 4200 | I54: =Table2[[#This Row],[Units]]*Table2[[#This Row],[Unit Price]] -> 42000 | J54: =_xlfn.XLOOKUP(Table2[[#This Row],[Region Clean]],Table4[Region],Table4[Manager]) -> Meera Nair
A55: 1138 | B55: 45729 | C55: =PROPER(TRIM(Sales_Data!C57)) -> West | D55: =PROPER(TRIM(Sales_Data!D57)) -> Priya Mehta | E55: =PROPER(TRIM(Sales_Data!E57)) -> Bookshelf | F55: =PROPER(TRIM(Sales_Data!F57)) -> Furniture | G55: =IF(Sales_Data!G57=" ",0,Sales_Data!G57) -> 10 | H55: =Sales_Data!H57 -> 4200 | I55: =Table2[[#This Row],[Units]]*Table2[[#This Row],[Unit Price]] -> 42000 | J55: =_xlfn.XLOOKUP(Table2[[#This Row],[Region Clean]],Table4[Region],Table4[Manager]) -> Nikhil Verma
A56: 1005 | B56: 45824 | C56: =PROPER(TRIM(Sales_Data!C82)) -> West | D56: =PROPER(TRIM(Sales_Data!D82)) -> Priya Mehta | E56: =PROPER(TRIM(Sales_Data!E82)) -> Bookshelf | F56: =PROPER(TRIM(Sales_Data!F82)) -> Furniture | G56: =IF(Sales_Data!G82=" ",0,Sales_Data!G82) -> 10 | H56: =Sales_Data!H82 -> 4200 | I56: =Table2[[#This Row],[Units]]*Table2[[#This Row],[Unit Price]] -> 42000 | J56: =_xlfn.XLOOKUP(Table2[[#This Row],[Region Clean]],Table4[Region],Table4[Manager]) -> Nikhil Verma
A57: 1009 | B57: 45812 | C57: =PROPER(TRIM(Sales_Data!C6)) -> East | D57: =PROPER(TRIM(Sales_Data!D6)) -> Sneha Das | E57: =PROPER(TRIM(Sales_Data!E6)) -> Bookshelf | F57: =PROPER(TRIM(Sales_Data!F6)) -> Furniture | G57: =IF(Sales_Data!G6=" ",0,Sales_Data!G6) -> 9 | H57: =Sales_Data!H6 -> 4200 | I57: =Table2[[#This Row],[Units]]*Table2[[#This Row],[Unit Price]] -> 37800 | J57: =_xlfn.XLOOKUP(Table2[[#This Row],[Region Clean]],Table4[Region],Table4[Manager]) -> Kavita Bose
A58: 1071 | B58: 45691 | C58: =PROPER(TRIM(Sales_Data!C129)) -> East | D58: =PROPER(TRIM(Sales_Data!D129)) -> Sneha Das | E58: =PROPER(TRIM(Sales_Data!E129)) -> Bookshelf | F58: =PROPER(TRIM(Sales_Data!F129)) -> Furniture | G58: =IF(Sales_Data!G129=" ",0,Sales_Data!G129) -> 9 | H58: =Sales_Data!H129 -> 4200 | I58: =Table2[[#This Row],[Units]]*Table2[[#This Row],[Unit Price]] -> 37800 | J58: =_xlfn.XLOOKUP(Table2[[#This Row],[Region Clean]],Table4[Region],Table4[Manager]) -> Kavita Bose
A59: 1033 | B59: 45794 | C59: =PROPER(TRIM(Sales_Data!C13)) -> South | D59: =PROPER(TRIM(Sales_Data!D13)) -> Divya Sharma | E59: =PROPER(TRIM(Sales_Data!E13)) -> Bookshelf | F59: =PROPER(TRIM(Sales_Data!F13)) -> Furniture | G59: =IF(Sales_Data!G13=" ",0,Sales_Data!G13) -> 9 | H59: =Sales_Data!H13 -> 4200 | I59: =Table2[[#This Row],[Units]]*Table2[[#This Row],[Unit Price]] -> 37800 | J59: =_xlfn.XLOOKUP(Table2[[#This Row],[Region Clean]],Table4[Region],Table4[Manager]) -> Arjun Reddy
A60: 1167 | B60: 45717 | C60: =PROPER(TRIM(Sales_Data!C66)) -> East | D60: =PROPER(TRIM(Sales_Data!D66)) -> Sneha Das | E60: =PROPER(TRIM(Sales_Data!E66)) -> 27In Monitor | F60: =PROPER(TRIM(Sales_Data!F66)) -> Electronics | G60: =IF(Sales_Data!G66=" ",0,Sales_Data!G66) -> 2 | H60: =Sales_Data!H66 -> 18500 | I60: =Table2[[#This Row],[Units]]*Table2[[#This Row],[Unit Price]] -> 37000 | J60: =_xlfn.XLOOKUP(Table2[[#This Row],[Region Clean]],Table4[Region],Table4[Manager]) -> Kavita Bose
A61: 1089 | B61: 45795 | C61: =PROPER(TRIM(Sales_Data!C60)) -> South | D61: =PROPER(TRIM(Sales_Data!D60)) -> Karthik Iyer | E61: =PROPER(TRIM(Sales_Data!E60)) -> 27In Monitor | F61: =PROPER(TRIM(Sales_Data!F60)) -> Electronics | G61: =IF(Sales_Data!G60=" ",0,Sales_Data!G60) -> 2 | H61: =Sales_Data!H60 -> 18500 | I61: =Table2[[#This Row],[Units]]*Table2[[#This Row],[Unit Price]] -> 37000 | J61: =_xlfn.XLOOKUP(Table2[[#This Row],[Region Clean]],Table4[Region],Table4[Manager]) -> Arjun Reddy
A62: 1105 | B62: 45793 | C62: =PROPER(TRIM(Sales_Data!C150)) -> East | D62: =PROPER(TRIM(Sales_Data!D150)) -> Amit Ghosh | E62: =PROPER(TRIM(Sales_Data!E150)) -> Bluetooth Speaker | F62: =PROPER(TRIM(Sales_Data!F150)) -> Electronics | G62: =IF(Sales_Data!G150=" ",0,Sales_Data!G150) -> 12 | H62: =Sales_Data!H150 -> 2999 | I62: =Table2[[#This Row],[Units]]*Table2[[#This Row],[Unit Price]] -> 35988 | J62: =_xlfn.XLOOKUP(Table2[[#This Row],[Region Clean]],Table4[Region],Table4[Manager]) -> Kavita Bose
A63: 1141 | B63: 45724 | C63: =PROPER(TRIM(Sales_Data!C163)) -> East | D63: =PROPER(TRIM(Sales_Data!D163)) -> Amit Ghosh | E63: =PROPER(TRIM(Sales_Data!E163)) -> Bluetooth Speaker | F63: =PROPER(TRIM(Sales_Data!F163)) -> Electronics | G63: =IF(Sales_Data!G163=" ",0,Sales_Data!G163) -> 12 | H63: =Sales_Data!H163 -> 2999 | I63: =Table2[[#This Row],[Units]]*Table2[[#This Row],[Unit Price]] -> 35988 | J63: =_xlfn.XLOOKUP(Table2[[#This Row],[Region Clean]],Table4[Region],Table4[Manager]) -> Kavita Bose
A64: 1053 | B64: 45733 | C64: =PROPER(TRIM(Sales_Data!C165)) -> South | D64: =PROPER(TRIM(Sales_Data!D165)) -> Divya Sharma | E64: =PROPER(TRIM(Sales_Data!E165)) -> Bluetooth Speaker | F64: =PROPER(TRIM(Sales_Data!F165)) -> Electronics | G64: =IF(Sales_Data!G165=" ",0,Sales_Data!G165) -> 12 | H64: =Sales_Data!H165 -> 2999 | I64: =Table2[[#This Row],[Units]]*Table2[[#This Row],[Unit Price]] -> 35988 | J64: =_xlfn.XLOOKUP(Table2[[#This Row],[Region Clean]],Table4[Region],Table4[Manager]) -> Arjun Reddy
A65: 1113 | B65: 45710 | C65: =PROPER(TRIM(Sales_Data!C160)) -> West | D65: =PROPER(TRIM(Sales_Data!D160)) -> Rohan Shah | E65: =PROPER(TRIM(Sales_Data!E160)) -> Bluetooth Speaker | F65: =PROPER(TRIM(Sales_Data!F160)) -> Electronics | G65: =IF(Sales_Data!G160=" ",0,Sales_Data!G160) -> 12 | H65: =Sales_Data!H160 -> 2999 | I65: =Table2[[#This Row],[Units]]*Table2[[#This Row],[Unit Price]] -> 35988 | J65: =_xlfn.XLOOKUP(Table2[[#This Row],[Region Clean]],Table4[Region],Table4[Manager]) -> Nikhil Verma
A66: 1155 | B66: 45661 | C66: =PROPER(TRIM(Sales_Data!C106)) -> East | D66: =PROPER(TRIM(Sales_Data!D106)) -> Amit Ghosh | E66: =PROPER(TRIM(Sales_Data!E106)) -> Bookshelf | F66: =PROPER(TRIM(Sales_Data!F106)) -> Furniture | G66: =IF(Sales_Data!G106=" ",0,Sales_Data!G106) -> 8 | H66: =Sales_Data!H106 -> 4200 | I66: =Table2[[#This Row],[Units]]*Table2[[#This Row],[Unit Price]] -> 33600 | J66: =_xlfn.XLOOKUP(Table2[[#This Row],[Region Clean]],Table4[Region],Table4[Manager]) -> Kavita Bose
A67: 1160 | B67: 45764 | C67: =PROPER(TRIM(Sales_Data!C170)) -> South | D67: =PROPER(TRIM(Sales_Data!D170)) -> Karthik Iyer | E67: =PROPER(TRIM(Sales_Data!E170)) -> Bookshelf | F67: =PROPER(TRIM(Sales_Data!F170)) -> Furniture | G67: =IF(Sales_Data!G170=" ",0,Sales_Data!G170) -> 8 | H67: =Sales_Data!H170 -> 4200 | I67: =Table2[[#This Row],[Units]]*Table2[[#This Row],[Unit Price]] -> 33600 | J67: =_xlfn.XLOOKUP(Table2[[#This Row],[Region Clean]],Table4[Region],Table4[Manager]) -> Arjun Reddy
A68: 1095 | B68: 45711 | C68: =PROPER(TRIM(Sales_Data!C70)) -> West | D68: =PROPER(TRIM(Sales_Data!D70)) -> Rohan Shah | E68: =PROPER(TRIM(Sales_Data!E70)) -> Bookshelf | F68: =PROPER(TRIM(Sales_Data!F70)) -> Furniture | G68: =IF(Sales_Data!G70=" ",0,Sales_Data!G70) -> 8 | H68: =Sales_Data!H70 -> 4200 | I68: =Table2[[#This Row],[Units]]*Table2[[#This Row],[Unit Price]] -> 33600 | J68: =_xlfn.XLOOKUP(Table2[[#This Row],[Region Clean]],Table4[Region],Table4[Manager]) -> Nikhil Verma
A69: 1015 | B69: 45829 | C69: =PROPER(TRIM(Sales_Data!C41)) -> East | D69: =PROPER(TRIM(Sales_Data!D41)) -> Sneha Das | E69: =PROPER(TRIM(Sales_Data!E41)) -> Bluetooth Speaker | F69: =PROPER(TRIM(Sales_Data!F41)) -> Electronics | G69: =IF(Sales_Data!G41=" ",0,Sales_Data!G41) -> 11 | H69: =Sales_Data!H41 -> 2999 | I69: =Table2[[#This Row],[Units]]*Table2[[#This Row],[Unit Price]] -> 32989 | J69: =_xlfn.XLOOKUP(Table2[[#This Row],[Region Clean]],Table4[Region],Table4[Manager]) -> Kavita Bose
A70: 1152 | B70: 45733 | C70: =PROPER(TRIM(Sales_Data!C151)) -> South | D70: =PROPER(TRIM(Sales_Data!D151)) -> Karthik Iyer | E70: =PROPER(TRIM(Sales_Data!E151)) -> Office Chair | F70: =PROPER(TRIM(Sales_Data!F151)) -> Furniture | G70: =IF(Sales_Data!G151=" ",0,Sales_Data!G151) -> 5 | H70: =Sales_Data!H151 -> 6500 | I70: =Table2[[#This Row],[Units]]*Table2[[#This Row],[Unit Price]] -> 32500 | J70: =_xlfn.XLOOKUP(Table2[[#This Row],[Region Clean]],Table4[Region],Table4[Manager]) -> Arjun Reddy
A71: 1137 | B71: 45809 | C71: =PROPER(TRIM(Sales_Data!C48)) -> East | D71: =PROPER(TRIM(Sales_Data!D48)) -> Amit Ghosh | E71: =PROPER(TRIM(Sales_Data!E48)) -> Standing Desk | F71: =PROPER(TRIM(Sales_Data!F48)) -> Furniture | G71: =IF(Sales_Data!G48=" ",0,Sales_Data!G48) -> 2 | H71: =Sales_Data!H48 -> 15500 | I71: =Table2[[#This Row],[Units]]*Table2[[#This Row],[Unit Price]] -> 31000 | J71: =_xlfn.XLOOKUP(Table2[[#This Row],[Region Clean]],Table4[Region],Table4[Manager]) -> Kavita Bose
A72: 1128 | B72: 45723 | C72: =PROPER(TRIM(Sales_Data!C169)) -> East | D72: =PROPER(TRIM(Sales_Data!D169)) -> Sneha Das | E72: =PROPER(TRIM(Sales_Data!E169)) -> Bluetooth Speaker | F72: =PROPER(TRIM(Sales_Data!F169)) -> Electronics | G72: =IF(Sales_Data!G169=" ",0,Sales_Data!G169) -> 10 | H72: =Sales_Data!H169 -> 2999 | I72: =Table2[[#This Row],[Units]]*Table2[[#This Row],[Unit Price]] -> 29990 | J72: =_xlfn.XLOOKUP(Table2[[#This Row],[Region Clean]],Table4[Region],Table4[Manager]) -> Kavita Bose
A73: 1174 | B73: 45664 | C73: =PROPER(TRIM(Sales_Data!C119)) -> North | D73: =PROPER(TRIM(Sales_Data!D119)) -> Ravi Kumar | E73: =PROPER(TRIM(Sales_Data!E119)) -> Bluetooth Speaker | F73: =PROPER(TRIM(Sales_Data!F119)) -> Electronics | G73: =IF(Sales_Data!G119=" ",0,Sales_Data!G119) -> 10 | H73: =Sales_Data!H119 -> 2999 | I73: =Table2[[#This Row],[Units]]*Table2[[#This Row],[Unit Price]] -> 29990 | J73: =_xlfn.XLOOKUP(Table2[[#This Row],[Region Clean]],Table4[Region],Table4[Manager]) -> Meera Nair
A74: 1119 | B74: 45817 | C74: =PROPER(TRIM(Sales_Data!C176)) -> North | D74: =PROPER(TRIM(Sales_Data!D176)) -> Ananya Rao | E74: =PROPER(TRIM(Sales_Data!E176)) -> Bluetooth Speaker | F74: =PROPER(TRIM(Sales_Data!F176)) -> Electronics | G74: =IF(Sales_Data!G176=" ",0,Sales_Data!G176) -> 10 | H74: =Sales_Data!H176 -> 2999 | I74: =Table2[[#This Row],[Units]]*Table2[[#This Row],[Unit Price]] -> 29990 | J74: =_xlfn.XLOOKUP(Table2[[#This Row],[Region Clean]],Table4[Region],Table4[Manager]) -> Meera Nair
A75: 1041 | B75: 45782 | C75: =PROPER(TRIM(Sales_Data!C155)) -> South | D75: =PROPER(TRIM(Sales_Data!D155)) -> Divya Sharma | E75: =PROPER(TRIM(Sales_Data!E155)) -> Bluetooth Speaker | F75: =PROPER(TRIM(Sales_Data!F155)) -> Electronics | G75: =IF(Sales_Data!G155=" ",0,Sales_Data!G155) -> 10 | H75: =Sales_Data!H155 -> 2999 | I75: =Table2[[#This Row],[Units]]*Table2[[#This Row],[Unit Price]] -> 29990 | J75: =_xlfn.XLOOKUP(Table2[[#This Row],[Region Clean]],Table4[Region],Table4[Manager]) -> Arjun Reddy
A76: 1161 | B76: 45734 | C76: =PROPER(TRIM(Sales_Data!C168)) -> West | D76: =PROPER(TRIM(Sales_Data!D168)) -> Rohan Shah | E76: =PROPER(TRIM(Sales_Data!E168)) -> Bluetooth Speaker | F76: =PROPER(TRIM(Sales_Data!F168)) -> Electronics | G76: =IF(Sales_Data!G168=" ",0,Sales_Data!G168) -> 10 | H76: =Sales_Data!H168 -> 2999 | I76: =Table2[[#This Row],[Units]]*Table2[[#This Row],[Unit Price]] -> 29990 | J76: =_xlfn.XLOOKUP(Table2[[#This Row],[Region Clean]],Table4[Region],Table4[Manager]) -> Nikhil Verma
A77: 1019 | B77: 45712 | C77: =PROPER(TRIM(Sales_Data!C71)) -> East | D77: =PROPER(TRIM(Sales_Data!D71)) -> Sneha Das | E77: =PROPER(TRIM(Sales_Data!E71)) -> Bookshelf | F77: =PROPER(TRIM(Sales_Data!F71)) -> Furniture | G77: =IF(Sales_Data!G71=" ",0,Sales_Data!G71) -> 7 | H77: =Sales_Data!H71 -> 4200 | I77: =Table2[[#This Row],[Units]]*Table2[[#This Row],[Unit Price]] -> 29400 | J77: =_xlfn.XLOOKUP(Table2[[#This Row],[Region Clean]],Table4[Region],Table4[Manager]) -> Kavita Bose
A78: 1136 | B78: 45703 | C78: =PROPER(TRIM(Sales_Data!C73)) -> East | D78: =PROPER(TRIM(Sales_Data!D73)) -> Amit Ghosh | E78: =PROPER(TRIM(Sales_Data!E73)) -> Bookshelf | F78: =PROPER(TRIM(Sales_Data!F73)) -> Furniture | G78: =IF(Sales_Data!G73=" ",0,Sales_Data!G73) -> 7 | H78: =Sales_Data!H73 -> 4200 | I78: =Table2[[#This Row],[Units]]*Table2[[#This Row],[Unit Price]] -> 29400 | J78: =_xlfn.XLOOKUP(Table2[[#This Row],[Region Clean]],Table4[Region],Table4[Manager]) -> Kavita Bose
A79: 1016 | B79: 45701 | C79: =PROPER(TRIM(Sales_Data!C44)) -> South | D79: =PROPER(TRIM(Sales_Data!D44)) -> Divya Sharma | E79: =PROPER(TRIM(Sales_Data!E44)) -> Bookshelf | F79: =PROPER(TRIM(Sales_Data!F44)) -> Furniture | G79: =IF(Sales_Data!G44=" ",0,Sales_Data!G44) -> 7 | H79: =Sales_Data!H44 -> 4200 | I79: =Table2[[#This Row],[Units]]*Table2[[#This Row],[Unit Price]] -> 29400 | J79: =_xlfn.XLOOKUP(Table2[[#This Row],[Region Clean]],Table4[Region],Table4[Manager]) -> Arjun Reddy
A80: 1073 | B80: 45696 | C80: =PROPER(TRIM(Sales_Data!C34)) -> North | D80: =PROPER(TRIM(Sales_Data!D34)) -> Ananya Rao | E80: =PROPER(TRIM(Sales_Data!E34)) -> Bluetooth Speaker | F80: =PROPER(TRIM(Sales_Data!F34)) -> Electronics | G80: =IF(Sales_Data!G34=" ",0,Sales_Data!G34) -> 9 | H80: =Sales_Data!H34 -> 2999 | I80: =Table2[[#This Row],[Units]]*Table2[[#This Row],[Unit Price]] -> 26991 | J80: =_xlfn.XLOOKUP(Table2[[#This Row],[Region Clean]],Table4[Region],Table4[Manager]) -> Meera Nair
A81: 1110 | B81: 45739 | C81: =PROPER(TRIM(Sales_Data!C126)) -> North | D81: =PROPER(TRIM(Sales_Data!D126)) -> Ravi Kumar | E81: =PROPER(TRIM(Sales_Data!E126)) -> Office Chair | F81: =PROPER(TRIM(Sales_Data!F126)) -> Furniture | G81: =IF(Sales_Data!G126=" ",0,Sales_Data!G126) -> 4 | H81: =Sales_Data!H126 -> 6500 | I81: =Table2[[#This Row],[Units]]*Table2[[#This Row],[Unit Price]] -> 26000 | J81: =_xlfn.XLOOKUP(Table2[[#This Row],[Region Clean]],Table4[Region],Table4[Manager]) -> Meera Nair
A82: 1052 | B82: 45731 | C82: =PROPER(TRIM(Sales_Data!C17)) -> West | D82: =PROPER(TRIM(Sales_Data!D17)) -> Rohan Shah | E82: =PROPER(TRIM(Sales_Data!E17)) -> Office Chair | F82: =PROPER(TRIM(Sales_Data!F17)) -> Furniture | G82: =IF(Sales_Data!G17=" ",0,Sales_Data!G17) -> 4 | H82: =Sales_Data!H17 -> 6500 | I82: =Table2[[#This Row],[Units]]*Table2[[#This Row],[Unit Price]] -> 26000 | J82: =_xlfn.XLOOKUP(Table2[[#This Row],[Region Clean]],Table4[Region],Table4[Manager]) -> Nikhil Verma
A83: 1177 | B83: 45769 | C83: =PROPER(TRIM(Sales_Data!C94)) -> West | D83: =PROPER(TRIM(Sales_Data!D94)) -> Priya Mehta | E83: =PROPER(TRIM(Sales_Data!E94)) -> Bookshelf | F83: =PROPER(TRIM(Sales_Data!F94)) -> Furniture | G83: =IF(Sales_Data!G94=" ",0,Sales_Data!G94) -> 6 | H83: =Sales_Data!H94 -> 4200 | I83: =Table2[[#This Row],[Units]]*Table2[[#This Row],[Unit Price]] -> 25200 | J83: =_xlfn.XLOOKUP(Table2[[#This Row],[Region Clean]],Table4[Region],Table4[Manager]) -> Nikhil Verma
A84: 1021 | B84: 45721 | C84: =PROPER(TRIM(Sales_Data!C53)) -> East | D84: =PROPER(TRIM(Sales_Data!D53)) -> Amit Ghosh | E84: =PROPER(TRIM(Sales_Data!E53)) -> Bluetooth Speaker | F84: =PROPER(TRIM(Sales_Data!F53)) -> Electronics | G84: =IF(Sales_Data!G53=" ",0,Sales_Data!G53) -> 7 | H84: =Sales_Data!H53 -> 2999 | I84: =Table2[[#This Row],[Units]]*Table2[[#This Row],[Unit Price]] -> 20993 | J84: =_xlfn.XLOOKUP(Table2[[#This Row],[Region Clean]],Table4[Region],Table4[Manager]) -> Kavita Bose
A85: 1077 | B85: 45816 | C85: =PROPER(TRIM(Sales_Data!C5)) -> South | D85: =PROPER(TRIM(Sales_Data!D5)) -> Divya Sharma | E85: =PROPER(TRIM(Sales_Data!E5)) -> Office Chair | F85: =PROPER(TRIM(Sales_Data!F5)) -> Furniture | G85: =IF(Sales_Data!G5=" ",0,Sales_Data!G5) -> 3 | H85: =Sales_Data!H5 -> 6500 | I85: =Table2[[#This Row],[Units]]*Table2[[#This Row],[Unit Price]] -> 19500 | J85: =_xlfn.XLOOKUP(Table2[[#This Row],[Region Clean]],Table4[Region],Table4[Manager]) -> Arjun Reddy
A86: 1112 | B86: 45762 | C86: =PROPER(TRIM(Sales_Data!C79)) -> East | D86: =PROPER(TRIM(Sales_Data!D79)) -> Amit Ghosh | E86: =PROPER(TRIM(Sales_Data!E79)) -> 27In Monitor | F86: =PROPER(TRIM(Sales_Data!F79)) -> Electronics | G86: =IF(Sales_Data!G79=" ",0,Sales_Data!G79) -> 1 | H86: =Sales_Data!H79 -> 18500 | I86: =Table2[[#This Row],[Units]]*Table2[[#This Row],[Unit Price]] -> 18500 | J86: =_xlfn.XLOOKUP(Table2[[#This Row],[Region Clean]],Table4[Region],Table4[Manager]) -> Kavita Bose
A87: 1080 | B87: 45685 | C87: =PROPER(TRIM(Sales_Data!C154)) -> West | D87: =PROPER(TRIM(Sales_Data!D154)) -> Priya Mehta | E87: =PROPER(TRIM(Sales_Data!E154)) -> Bookshelf | F87: =PROPER(TRIM(Sales_Data!F154)) -> Furniture | G87: =IF(Sales_Data!G154=" ",0,Sales_Data!G154) -> 4 | H87: =Sales_Data!H154 -> 4200 | I87: =Table2[[#This Row],[Units]]*Table2[[#This Row],[Unit Price]] -> 16800 | J87: =_xlfn.XLOOKUP(Table2[[#This Row],[Region Clean]],Table4[Region],Table4[Manager]) -> Nikhil Verma
A88: 1031 | B88: 45686 | C88: =PROPER(TRIM(Sales_Data!C145)) -> East | D88: =PROPER(TRIM(Sales_Data!D145)) -> Amit Ghosh | E88: =PROPER(TRIM(Sales_Data!E145)) -> Standing Desk | F88: =PROPER(TRIM(Sales_Data!F145)) -> Furniture | G88: =IF(Sales_Data!G145=" ",0,Sales_Data!G145) -> 1 | H88: =Sales_Data!H145 -> 15500 | I88: =Table2[[#This Row],[Units]]*Table2[[#This Row],[Unit Price]] -> 15500 | J88: =_xlfn.XLOOKUP(Table2[[#This Row],[Region Clean]],Table4[Region],Table4[Manager]) -> Kavita Bose
A89: 1173 | B89: 45668 | C89: =PROPER(TRIM(Sales_Data!C166)) -> West | D89: =PROPER(TRIM(Sales_Data!D166)) -> Rohan Shah | E89: =PROPER(TRIM(Sales_Data!E166)) -> Bluetooth Speaker | F89: =PROPER(TRIM(Sales_Data!F166)) -> Electronics | G89: =IF(Sales_Data!G166=" ",0,Sales_Data!G166) -> 5 | H89: =Sales_Data!H166 -> 2999 | I89: =Table2[[#This Row],[Units]]*Table2[[#This Row],[Unit Price]] -> 14995 | J89: =_xlfn.XLOOKUP(Table2[[#This Row],[Region Clean]],Table4[Region],Table4[Manager]) -> Nikhil Verma
A90: 1118 | B90: 45829 | C90: =PROPER(TRIM(Sales_Data!C7)) -> West | D90: =PROPER(TRIM(Sales_Data!D7)) -> Priya Mehta | E90: =PROPER(TRIM(Sales_Data!E7)) -> Bookshelf | F90: =PROPER(TRIM(Sales_Data!F7)) -> Furniture | G90: =IF(Sales_Data!G7=" ",0,Sales_Data!G7) -> 3 | H90: =Sales_Data!H7 -> 4200 | I90: =Table2[[#This Row],[Units]]*Table2[[#This Row],[Unit Price]] -> 12600 | J90: =_xlfn.XLOOKUP(Table2[[#This Row],[Region Clean]],Table4[Region],Table4[Manager]) -> Nikhil Verma
A91: 1087 | B91: 45813 | C91: =PROPER(TRIM(Sales_Data!C67)) -> North | D91: =PROPER(TRIM(Sales_Data!D67)) -> Ananya Rao | E91: =PROPER(TRIM(Sales_Data!E67)) -> Bluetooth Speaker | F91: =PROPER(TRIM(Sales_Data!F67)) -> Electronics | G91: =IF(Sales_Data!G67=" ",0,Sales_Data!G67) -> 4 | H91: =Sales_Data!H67 -> 2999 | I91: =Table2[[#This Row],[Units]]*Table2[[#This Row],[Unit Price]] -> 11996 | J91: =_xlfn.XLOOKUP(Table2[[#This Row],[Region Clean]],Table4[Region],Table4[Manager]) -> Meera Nair
A92: 1100 | B92: 45676 | C92: =PROPER(TRIM(Sales_Data!C42)) -> West | D92: =PROPER(TRIM(Sales_Data!D42)) -> Rohan Shah | E92: =PROPER(TRIM(Sales_Data!E42)) -> Bluetooth Speaker | F92: =PROPER(TRIM(Sales_Data!F42)) -> Electronics | G92: =IF(Sales_Data!G42=" ",0,Sales_Data!G42) -> 4 | H92: =Sales_Data!H42 -> 2999 | I92: =Table2[[#This Row],[Units]]*Table2[[#This Row],[Unit Price]] -> 11996 | J92: =_xlfn.XLOOKUP(Table2[[#This Row],[Region Clean]],Table4[Region],Table4[Manager]) -> Nikhil Verma
A93: 1090 | B93: 45828 | C93: =PROPER(TRIM(Sales_Data!C96)) -> East | D93: =PROPER(TRIM(Sales_Data!D96)) -> Amit Ghosh | E93: =PROPER(TRIM(Sales_Data!E96)) -> Wireless Mouse | F93: =PROPER(TRIM(Sales_Data!F96)) -> Electronics | G93: =IF(Sales_Data!G96=" ",0,Sales_Data!G96) -> 12 | H93: =Sales_Data!H96 -> 799 | I93: =Table2[[#This Row],[Units]]*Table2[[#This Row],[Unit Price]] -> 9588 | J93: =_xlfn.XLOOKUP(Table2[[#This Row],[Region Clean]],Table4[Region],Table4[Manager]) -> Kavita Bose
A94: 1072 | B94: 45767 | C94: =PROPER(TRIM(Sales_Data!C40)) -> North | D94: =PROPER(TRIM(Sales_Data!D40)) -> Ravi Kumar | E94: =PROPER(TRIM(Sales_Data!E40)) -> Wireless Mouse | F94: =PROPER(TRIM(Sales_Data!F40)) -> Electronics | G94: =IF(Sales_Data!G40=" ",0,Sales_Data!G40) -> 12 | H94: =Sales_Data!H40 -> 799 | I94: =Table2[[#This Row],[Units]]*Table2[[#This Row],[Unit Price]] -> 9588 | J94: =_xlfn.XLOOKUP(Table2[[#This Row],[Region Clean]],Table4[Region],Table4[Manager]) -> Meera Nair
A95: 1131 | B95: 45708 | C95: =PROPER(TRIM(Sales_Data!C141)) -> North | D95: =PROPER(TRIM(Sales_Data!D141)) -> Ravi Kumar | E95: =PROPER(TRIM(Sales_Data!E141)) -> Wireless Mouse | F95: =PROPER(TRIM(Sales_Data!F141)) -> Electronics | G95: =IF(Sales_Data!G141=" ",0,Sales_Data!G141) -> 12 | H95: =Sales_Data!H141 -> 799 | I95: =Table2[[#This Row],[Units]]*Table2[[#This Row],[Unit Price]] -> 9588 | J95: =_xlfn.XLOOKUP(Table2[[#This Row],[Region Clean]],Table4[Region],Table4[Manager]) -> Meera Nair
A96: 1149 | B96: 45688 | C96: =PROPER(TRIM(Sales_Data!C8)) -> South | D96: =PROPER(TRIM(Sales_Data!D8)) -> Karthik Iyer | E96: =PROPER(TRIM(Sales_Data!E8)) -> Wireless Mouse | F96: =PROPER(TRIM(Sales_Data!F8)) -> Electronics | G96: =IF(Sales_Data!G8=" ",0,Sales_Data!G8) -> 12 | H96: =Sales_Data!H8 -> 799 | I96: =Table2[[#This Row],[Units]]*Table2[[#This Row],[Unit Price]] -> 9588 | J96: =_xlfn.XLOOKUP(Table2[[#This Row],[Region Clean]],Table4[Region],Table4[Manager]) -> Arjun Reddy
A97: 1166 | B97: 45731 | C97: =PROPER(TRIM(Sales_Data!C19)) -> East | D97: =PROPER(TRIM(Sales_Data!D19)) -> Amit Ghosh | E97: =PROPER(TRIM(Sales_Data!E19)) -> Wireless Mouse | F97: =PROPER(TRIM(Sales_Data!F19)) -> Electronics | G97: =IF(Sales_Data!G19=" ",0,Sales_Data!G19) -> 11 | H97: =Sales_Data!H19 -> 799 | I97: =Table2[[#This Row],[Units]]*Table2[[#This Row],[Unit Price]] -> 8789 | J97: =_xlfn.XLOOKUP(Table2[[#This Row],[Region Clean]],Table4[Region],Table4[Manager]) -> Kavita Bose
A98: 1069 | B98: 45783 | C98: =PROPER(TRIM(Sales_Data!C164)) -> East | D98: =PROPER(TRIM(Sales_Data!D164)) -> Sneha Das | E98: =PROPER(TRIM(Sales_Data!E164)) -> Wireless Mouse | F98: =PROPER(TRIM(Sales_Data!F164)) -> Electronics | G98: =IF(Sales_Data!G164=" ",0,Sales_Data!G164) -> 11 | H98: =Sales_Data!H164 -> 799 | I98: =Table2[[#This Row],[Units]]*Table2[[#This Row],[Unit Price]] -> 8789 | J98: =_xlfn.XLOOKUP(Table2[[#This Row],[Region Clean]],Table4[Region],Table4[Manager]) -> Kavita Bose
A99: 1154 | B99: 45799 | C99: =PROPER(TRIM(Sales_Data!C89)) -> East | D99: =PROPER(TRIM(Sales_Data!D89)) -> Sneha Das | E99: =PROPER(TRIM(Sales_Data!E89)) -> Bookshelf | F99: =PROPER(TRIM(Sales_Data!F89)) -> Furniture | G99: =IF(Sales_Data!G89=" ",0,Sales_Data!G89) -> 2 | H99: =Sales_Data!H89 -> 4200 | I99: =Table2[[#This Row],[Units]]*Table2[[#This Row],[Unit Price]] -> 8400 | J99: =_xlfn.XLOOKUP(Table2[[#This Row],[Region Clean]],Table4[Region],Table4[Manager]) -> Kavita Bose
A100: 1134 | B100: 45745 | C100: =PROPER(TRIM(Sales_Data!C3)) -> North | D100: =PROPER(TRIM(Sales_Data!D3)) -> Ananya Rao | E100: =PROPER(TRIM(Sales_Data!E3)) -> Bookshelf | F100: =PROPER(TRIM(Sales_Data!F3)) -> Furniture | G100: =IF(Sales_Data!G3=" ",0,Sales_Data!G3) -> 2 | H100: =Sales_Data!H3 -> 4200 | I100: =Table2[[#This Row],[Units]]*Table2[[#This Row],[Unit Price]] -> 8400 | J100: =_xlfn.XLOOKUP(Table2[[#This Row],[Region Clean]],Table4[Region],Table4[Manager]) -> Meera Nair
...

Sheet Pivot Tables
A1: Sales Person | B1: All
A3: Sales | B3: Category | H3: Sales Persons | I3: Sales
A4: Region | B4: Electronics | C4: Furniture | D4: Stationery | E4: Grand Total | H4: Amit Ghosh | I4: 895307
A5: East | B5: 476594 | C5: 899400 | D5: 20870 | E5: 1396864 | H5: Ananya Rao | I5: 952121
A6: North | B6: 2117123 | C6: 547800 | D6: 15350 | E6: 2680273 | H6: Divya Sharma | I6: 651813
A7: South | B7: 1445127 | C7: 581300 | D7: 16450 | E7: 2042877 | H7: Karthik Iyer | I7: 1391064
A8: West | B8: 2257444 | C8: 654500 | D8: 21200 | E8: 2933144 | H8: Priya Mehta | I8: 1512305
A9: Grand Total | B9: 6296288 | C9: 2683000 | D9: 73870 | E9: 9053158 | H9: Ravi Kumar | I9: 1728152
H10: Rohan Shah | I10: 1420839
H11: Sneha Das | I11: 501557
H12: Grand Total | I12: 9053158
A13: Category | B13: Sum of Sales | D13: Row Labels | E13: Sum of Sales
A14: Electronics | B14: 6296288 | D14: East | E14: 1396864
A15: Furniture | B15: 2683000 | D15: North | E15: 2680273
A16: Stationery | B16: 73870 | D16: South | E16: 2042877
A17: Grand Total | B17: 9053158 | D17: West | E17: 2933144
D18: Grand Total | E18: 9053158
A19: Months | B19: Sum of Sales
A20: Jan | B20: 1372298
A21: Feb | B21: 1056357
A22: Mar | B22: 1917415
A23: Apr | B23: 892391
A24: May | B24: 2545980
A25: Jun | B25: 1268717
A26: Grand Total | B26: 9053158

Sheet Lookup
A1: Region | B1: Manager
A2: North | B2: Meera Nair
A3: South | B3: Arjun Reddy
A4: East | B4: Kavita Bose
A5: West | B5: Nikhil Verma
